"rank","word"
1,"the"
2,"of"
3,"to"
4,"and"
5,"in"
6,"a"
7,"be"
8,"it"
9,"which"
10,"that"
11,"is"
12,"by"
13,"as"
14,"will"
15,"their"
16,"are"
17,"have"
18,"not"
19,"for"
20,"this"
21,"from"
22,"government"
23,"on"
24,"or"
25,"they"
26,"an"
27,"with"
28,"states"
29,"been"
30,"may"
31,"other"
32,"its"
33,"has"
34,"more"
35,"people"
36,"all"
37,"at"
38,"most"
39,"one"
40,"than"
41,"we"
42,"but"
43,"those"
44,"union"
45,"national"
46,"state"
47,"would"
48,"if"
49,"no"
50,"were"
51,"constitution"
52,"same"
53,"these"
54,"i"
55,"so"
56,"new"
57,"our"
58,"who"
59,"great"
60,"into"
61,"them"
62,"republic"
63,"federal"
64,"general"
65,"majority"
66,"republican"
67,"such"
68,"against"
69,"faction"
70,"must"
71,"public"
72,"any"
73,"between"
74,"good"
75,"many"
76,"number"
77,"under"
78,"can"
79,"citizens"
80,"interest"
81,"was"
82,"authority"
83,"interests"
84,"some"
85,"there"
86,"well"
87,"different"
88,"form"
89,"he"
90,"men"
91,"political"
92,"you"
93,"own"
94,"subject"
95,"two"
96,"each"
97,"either"
98,"every"
99,"first"
100,"greater"
101,"his"
102,"made"
103,"only"
104,"over"
105,"parties"
106,"representatives"
107,"rights"
108,"society"
109,"had"
110,"less"
111,"liberty"
112,"power"
113,"time"
114,"too"
115,"your"
116,"extent"
117,"far"
118,"found"
119,"nations"
120,"popular"
121,"principle"
122,"shall"
123,"small"
124,"spirit"
125,"themselves"
126,"upon"
127,"whole"
128,"body"
129,"governments"
130,"however"
131,"latter"
132,"particular"
133,"republics"
134,"according"
135,"act"
